[
  {
    "id" : "cs-identifierType-code-system",
    "type" : "CodeSystem",
    "url" : "http://example.org/CodeSystem/cs-identifierType-code-system",
    "version" : "0.1.0",
    "name" : "ChineseIdentifierTypeCS"
  },
  {
    "id" : "organizationtype-code-system",
    "type" : "CodeSystem",
    "url" : "http://example.org/CodeSystem/organizationtype-code-system",
    "version" : "0.1.0",
    "name" : "OrganizationTypeCS"
  },
  {
    "id" : "fhir.example",
    "type" : "ImplementationGuide",
    "url" : "http://example.org/ImplementationGuide/fhir.example",
    "version" : "0.1.0",
    "name" : "ExampleIG"
  },
  {
    "id" : "mdm-organization",
    "type" : "StructureDefinition",
    "url" : "http://example.org/StructureDefinition/mdm-organization",
    "version" : "0.1.0",
    "name" : "MDMOrganization"
  },
  {
    "id" : "mdm-organizationTypeExtension",
    "type" : "StructureDefinition",
    "url" : "http://example.org/StructureDefinition/mdm-organizationTypeExtension",
    "version" : "0.1.0",
    "name" : "MDMOrganizationTypeExtension"
  },
  {
    "id" : "cn-identifierType-vs",
    "type" : "ValueSet",
    "url" : "http://example.org/ValueSet/cn-identifierType-vs",
    "version" : "0.1.0",
    "name" : "CNIdentifierTypeVS"
  },
  {
    "id" : "organizationtype-vs",
    "type" : "ValueSet",
    "url" : "http://example.org/ValueSet/organizationtype-vs",
    "version" : "0.1.0",
    "name" : "OrganizationTypeVS"
  }
]
