{
  "codeSystems" : [
    {
      "url" : "http://example.org/CodeSystem/cs-identifierType-code-system",
      "version" : "0.1.0",
      "status" : "draft",
      "name" : "ChineseIdentifierTypeCS",
      "title" : "标识类型",
      "description" : "中国标识类型，如身份证号，统一社会信用代码等"
    },
    {
      "url" : "http://example.org/CodeSystem/organizationtype-code-system",
      "version" : "0.1.0",
      "status" : "draft",
      "name" : "OrganizationTypeCS",
      "title" : "组织机构类型代码",
      "description" : "遵循国标GB/T 20091-2021 组织机构类型（节选）"
    }
  ]
}
