{
  "resourceType" : "CodeSystem",
  "id" : "cs-identifierType-code-system",
  "text" : {
    "status" : "generated",
    "div" : "<div xmlns=\"http://www.w3.org/1999/xhtml\"><p class=\"res-header-id\"><b>Generated Narrative: CodeSystem cs-identifierType-code-system</b></p><a name=\"cs-identifierType-code-system\"> </a><a name=\"hccs-identifierType-code-system\"> </a><a name=\"cs-identifierType-code-system-en-US\"> </a><p>This  code system <code>http://example.org/CodeSystem/cs-identifierType-code-system</code> defines the following codes:</p><table class=\"codes\"><tr><td style=\"white-space:nowrap\"><b>Code</b></td><td><b>Display</b></td></tr><tr><td style=\"white-space:nowrap\">USCC<a name=\"cs-identifierType-code-system-USCC\"> </a></td><td>统一社会信用代码</td></tr><tr><td style=\"white-space:nowrap\">CIN<a name=\"cs-identifierType-code-system-CIN\"> </a></td><td>公民身份号码</td></tr></table></div>"
  },
  "url" : "http://example.org/CodeSystem/cs-identifierType-code-system",
  "version" : "0.1.0",
  "name" : "ChineseIdentifierTypeCS",
  "title" : "标识类型",
  "status" : "draft",
  "date" : "2024-10-07T02:49:27+08:00",
  "publisher" : "Example Publisher",
  "contact" : [{
    "name" : "Example Publisher",
    "telecom" : [{
      "system" : "url",
      "value" : "http://example.org/example-publisher"
    }]
  }],
  "description" : "中国标识类型，如身份证号，统一社会信用代码等",
  "content" : "complete",
  "count" : 2,
  "concept" : [{
    "code" : "USCC",
    "display" : "统一社会信用代码"
  },
  {
    "code" : "CIN",
    "display" : "公民身份号码"
  }]
}