<?xml version="1.0" encoding="UTF-8"?>

<CodeSystem xmlns="http://hl7.org/fhir">
  <id value="cs-identifierType-code-system"/>
  <text>
    <status value="generated"/><div xmlns="http://www.w3.org/1999/xhtml"><p class="res-header-id"><b>Generated Narrative: CodeSystem cs-identifierType-code-system</b></p><a name="cs-identifierType-code-system"> </a><a name="hccs-identifierType-code-system"> </a><a name="cs-identifierType-code-system-en-US"> </a><p>This  code system <code>http://example.org/CodeSystem/cs-identifierType-code-system</code> defines the following codes:</p><table class="codes"><tr><td style="white-space:nowrap"><b>Code</b></td><td><b>Display</b></td></tr><tr><td style="white-space:nowrap">USCC<a name="cs-identifierType-code-system-USCC"> </a></td><td>统一社会信用代码</td></tr><tr><td style="white-space:nowrap">CIN<a name="cs-identifierType-code-system-CIN"> </a></td><td>公民身份号码</td></tr></table></div>
  </text>
  <url value="http://example.org/CodeSystem/cs-identifierType-code-system"/>
  <version value="0.1.0"/>
  <name value="ChineseIdentifierTypeCS"/>
  <title value="标识类型"/>
  <status value="draft"/>
  <date value="2024-10-07T02:49:27+08:00"/>
  <publisher value="Example Publisher"/>
  <contact>
    <name value="Example Publisher"/>
    <telecom>
      <system value="url"/>
      <value value="http://example.org/example-publisher"/>
    </telecom>
  </contact>
  <description value="中国标识类型，如身份证号，统一社会信用代码等"/>
  <content value="complete"/>
  <count value="2"/>
  <concept>
    <code value="USCC"/>
    <display value="统一社会信用代码"/>
  </concept>
  <concept>
    <code value="CIN"/>
    <display value="公民身份号码"/>
  </concept>
</CodeSystem>