URL,Version,Status,OIDs,Name,Title,Descriptino,Used
http://example.org/CodeSystem/cs-identifierType-code-system,0.1.0,draft,,ChineseIdentifierTypeCS,标识类型,"中国标识类型，如身份证号，统一社会信用代码等","ValueSet/cn-identifierType-vs"
http://example.org/CodeSystem/organizationtype-code-system,0.1.0,draft,,OrganizationTypeCS,组织机构类型代码,"遵循国标GB/T 20091-2021 组织机构类型（节选）","ValueSet/organizationtype-vs"
http://terminology.hl7.org/CodeSystem/v2-0203,4.0.0,active,"2.16.840.1.113883.18.108",IdentifierType,identifierType,"HL7-defined code system of concepts specifying type of identifier. Used in HL7 Version 2.x messaging data types CX, PLN, PPN, XCN and XON.","ValueSet/cn-identifierType-vs"
urn:ietf:bcp:47,2.0.1,active,"2.16.840.1.113883.6.121",Ietf3066,Tags for the Identification of Languages,"Older value from OID registry.  Superceded; see recommendations in BCP-47.","ValueSet/languages"
