{
  "resourceType" : "Organization",
  "id" : "OrganizationExample",
  "meta" : {
    "profile" : ["http://example.org/StructureDefinition/mdm-organization"]
  },
  "text" : {
    "status" : "extensions",
    "div" : "<div xmlns=\"http://www.w3.org/1999/xhtml\"><p class=\"res-header-id\"><b>Generated Narrative: Organization OrganizationExample</b></p><a name=\"OrganizationExample\"> </a><a name=\"hcOrganizationExample\"> </a><a name=\"OrganizationExample-en-US\"> </a><p><b>组织机构主类型</b>: <a href=\"CodeSystem-organizationtype-code-system.html#organizationtype-code-system-121\">组织机构类型代码</a> 121: 事业单位法人</p><p><b>identifier</b>: 统一社会信用代码/12330000470051726F\u00a0(use:\u00a0official,\u00a0)</p><p><b>active</b>: true</p><p><b>name</b>: 长宁市奉孝区中心医院</p></div>"
  },
  "extension" : [{
    "url" : "http://example.org/StructureDefinition/mdm-organizationTypeExtension",
    "valueCoding" : {
      "system" : "http://example.org/CodeSystem/organizationtype-code-system",
      "code" : "121",
      "display" : "事业单位法人"
    }
  }],
  "identifier" : [{
    "use" : "official",
    "type" : {
      "coding" : [{
        "system" : "http://example.org/CodeSystem/cs-identifierType-code-system",
        "code" : "USCC",
        "display" : "统一社会信用代码"
      }]
    },
    "value" : "12330000470051726F"
  }],
  "active" : true,
  "name" : "长宁市奉孝区中心医院"
}