<?xml version="1.0" encoding="UTF-8"?>

<Organization xmlns="http://hl7.org/fhir">
  <id value="OrganizationExample"/>
  <meta>
    <profile value="http://example.org/StructureDefinition/mdm-organization"/>
  </meta>
  <text>
    <status value="extensions"/><div xmlns="http://www.w3.org/1999/xhtml"><p class="res-header-id"><b>Generated Narrative: Organization OrganizationExample</b></p><a name="OrganizationExample"> </a><a name="hcOrganizationExample"> </a><a name="OrganizationExample-en-US"> </a><p><b>组织机构主类型</b>: <a href="CodeSystem-organizationtype-code-system.html#organizationtype-code-system-121">组织机构类型代码</a> 121: 事业单位法人</p><p><b>identifier</b>: 统一社会信用代码/12330000470051726F (use: official, )</p><p><b>active</b>: true</p><p><b>name</b>: 长宁市奉孝区中心医院</p></div>
  </text>
  <extension url="http://example.org/StructureDefinition/mdm-organizationTypeExtension">
    <valueCoding>
      <system value="http://example.org/CodeSystem/organizationtype-code-system"/>
      <code value="121"/>
      <display value="事业单位法人"/>
    </valueCoding>
  </extension>
  <identifier>
    <use value="official"/>
    <type>
      <coding>
        <system value="http://example.org/CodeSystem/cs-identifierType-code-system"/>
        <code value="USCC"/>
        <display value="统一社会信用代码"/>
      </coding>
    </type>
    <value value="12330000470051726F"/>
  </identifier>
  <active value="true"/>
  <name value="长宁市奉孝区中心医院"/>
</Organization>