{
  "codeSystems" : [
    {
      "url" : "http://example.org/ValueSet/cn-identifierType-vs",
      "version" : "0.1.0",
      "status" : "draft",
      "name" : "CNIdentifierTypeVS",
      "title" : "标识类型值集",
      "description" : "标识类型值集",
      "systems" : [
        "http://example.org/CodeSystem/cs-identifierType-code-system",
        "http://terminology.hl7.org/CodeSystem/v2-0203"
      ]
    },
    {
      "url" : "http://example.org/ValueSet/organizationtype-vs",
      "version" : "0.1.0",
      "status" : "draft",
      "name" : "OrganizationTypeVS",
      "title" : "组织机构类型值集",
      "description" : "组织机构类型值集",
      "systems" : ["http://example.org/CodeSystem/organizationtype-code-system"]
    }
  ]
}
