<?xml version="1.0" encoding="UTF-8"?>

<ValueSet xmlns="http://hl7.org/fhir">
  <id value="organizationtype-vs"/>
  <text>
    <status value="generated"/><div xmlns="http://www.w3.org/1999/xhtml"><p class="res-header-id"><b>Generated Narrative: ValueSet organizationtype-vs</b></p><a name="organizationtype-vs"> </a><a name="hcorganizationtype-vs"> </a><a name="organizationtype-vs-en-US"> </a><ul><li>Include all codes defined in <a href="CodeSystem-organizationtype-code-system.html"><code>http://example.org/CodeSystem/organizationtype-code-system</code></a></li></ul></div>
  </text>
  <url value="http://example.org/ValueSet/organizationtype-vs"/>
  <version value="0.1.0"/>
  <name value="OrganizationTypeVS"/>
  <title value="组织机构类型值集"/>
  <status value="draft"/>
  <date value="2024-10-07T02:49:27+08:00"/>
  <publisher value="Example Publisher"/>
  <contact>
    <name value="Example Publisher"/>
    <telecom>
      <system value="url"/>
      <value value="http://example.org/example-publisher"/>
    </telecom>
  </contact>
  <description value="组织机构类型值集"/>
  <compose>
    <include>
      <system value="http://example.org/CodeSystem/organizationtype-code-system"/>
    </include>
  </compose>
</ValueSet>