{
  "resourceType" : "ValueSet",
  "id" : "cn-identifierType-vs",
  "text" : {
    "status" : "generated",
    "div" : "<div xmlns=\"http://www.w3.org/1999/xhtml\"><p class=\"res-header-id\"><b>Generated Narrative: ValueSet cn-identifierType-vs</b></p><a name=\"cn-identifierType-vs\"> </a><a name=\"hccn-identifierType-vs\"> </a><a name=\"cn-identifierType-vs-en-US\"> </a><p>This value set includes codes based on the following rules:</p><ul><li>Include all codes defined in <a href=\"http://terminology.hl7.org/6.0.2/CodeSystem-v2-0203.html\"><code>http://terminology.hl7.org/CodeSystem/v2-0203</code></a></li><li>Include all codes defined in <a href=\"CodeSystem-cs-identifierType-code-system.html\"><code>http://example.org/CodeSystem/cs-identifierType-code-system</code></a></li></ul></div>"
  },
  "url" : "http://example.org/ValueSet/cn-identifierType-vs",
  "version" : "0.1.0",
  "name" : "CNIdentifierTypeVS",
  "title" : "标识类型值集",
  "status" : "draft",
  "date" : "2024-10-07T02:49:27+08:00",
  "publisher" : "Example Publisher",
  "contact" : [{
    "name" : "Example Publisher",
    "telecom" : [{
      "system" : "url",
      "value" : "http://example.org/example-publisher"
    }]
  }],
  "description" : "标识类型值集",
  "compose" : {
    "include" : [{
      "system" : "http://terminology.hl7.org/CodeSystem/v2-0203"
    },
    {
      "system" : "http://example.org/CodeSystem/cs-identifierType-code-system"
    }]
  }
}