{
  "codeSystems" : [
    {
      "url" : "http://example.org/ValueSet/cn-identifierType-vs",
      "version" : "0.1.0",
      "status" : "draft",
      "name" : "CNIdentifierTypeVS",
      "title" : "标识类型值集",
      "description" : "标识类型值集",
      "systems" : [
        "http://example.org/CodeSystem/cs-identifierType-code-system",
        "http://terminology.hl7.org/CodeSystem/v2-0203"
      ]
    },
    {
      "url" : "http://example.org/ValueSet/organizationtype-vs",
      "version" : "0.1.0",
      "status" : "draft",
      "name" : "OrganizationTypeVS",
      "title" : "组织机构类型值集",
      "description" : "组织机构类型值集",
      "systems" : ["http://example.org/CodeSystem/organizationtype-code-system"],
      "uses" : {
      },
      "StructureDefinition-mdm-organizationTypeExtension.html" : "组织机构主类型"
    },
    {
      "url" : "http://hl7.org/fhir/ValueSet/languages",
      "version" : "4.0.1",
      "status" : "draft",
      "name" : "CommonLanguages",
      "title" : "Common Languages",
      "description" : "This value set includes common codes from BCP-47 (http://tools.ietf.org/html/bcp47)",
      "systems" : ["urn:ietf:bcp:47"],
      "oids" : ["2.16.840.1.113883.4.642.3.20"],
      "sources" : ["2.16.840.1.113883.4.642.3.20"],
      "uses" : {
      },
      "StructureDefinition-mdm-organization.html" : "组织机构主数据"
    }
  ]
}
