<?xml version="1.0" encoding="UTF-8"?>

<ValueSet xmlns="http://hl7.org/fhir">
  <id value="cn-identifierType-vs"/>
  <text>
    <status value="generated"/><div xmlns="http://www.w3.org/1999/xhtml"><p class="res-header-id"><b>Generated Narrative: ValueSet cn-identifierType-vs</b></p><a name="cn-identifierType-vs"> </a><a name="hccn-identifierType-vs"> </a><a name="cn-identifierType-vs-en-US"> </a><p>This value set includes codes based on the following rules:</p><ul><li>Include all codes defined in <a href="http://terminology.hl7.org/6.0.2/CodeSystem-v2-0203.html"><code>http://terminology.hl7.org/CodeSystem/v2-0203</code></a></li><li>Include all codes defined in <a href="CodeSystem-cs-identifierType-code-system.html"><code>http://example.org/CodeSystem/cs-identifierType-code-system</code></a></li></ul></div>
  </text>
  <url value="http://example.org/ValueSet/cn-identifierType-vs"/>
  <version value="0.1.0"/>
  <name value="CNIdentifierTypeVS"/>
  <title value="标识类型值集"/>
  <status value="draft"/>
  <date value="2024-10-07T02:49:27+08:00"/>
  <publisher value="Example Publisher"/>
  <contact>
    <name value="Example Publisher"/>
    <telecom>
      <system value="url"/>
      <value value="http://example.org/example-publisher"/>
    </telecom>
  </contact>
  <description value="标识类型值集"/>
  <compose>
    <include>
      <system value="http://terminology.hl7.org/CodeSystem/v2-0203"/>
    </include>
    <include>
      <system value="http://example.org/CodeSystem/cs-identifierType-code-system"/>
    </include>
  </compose>
</ValueSet>