{
  "resourceType" : "ValueSet",
  "id" : "organizationtype-vs",
  "text" : {
    "status" : "generated",
    "div" : "<div xmlns=\"http://www.w3.org/1999/xhtml\"><p class=\"res-header-id\"><b>Generated Narrative: ValueSet organizationtype-vs</b></p><a name=\"organizationtype-vs\"> </a><a name=\"hcorganizationtype-vs\"> </a><a name=\"organizationtype-vs-en-US\"> </a><ul><li>Include all codes defined in <a href=\"CodeSystem-organizationtype-code-system.html\"><code>http://example.org/CodeSystem/organizationtype-code-system</code></a></li></ul></div>"
  },
  "url" : "http://example.org/ValueSet/organizationtype-vs",
  "version" : "0.1.0",
  "name" : "OrganizationTypeVS",
  "title" : "组织机构类型值集",
  "status" : "draft",
  "date" : "2024-10-07T02:49:27+08:00",
  "publisher" : "Example Publisher",
  "contact" : [{
    "name" : "Example Publisher",
    "telecom" : [{
      "system" : "url",
      "value" : "http://example.org/example-publisher"
    }]
  }],
  "description" : "组织机构类型值集",
  "compose" : {
    "include" : [{
      "system" : "http://example.org/CodeSystem/organizationtype-code-system"
    }]
  }
}